{
  "pnl_sum": 983.7003,
  "pnl_mean": 0.49185015,
  "trades": 999,
  "hit_rate": 0.5035,
  "max_dd": 1.0009000000001151
}