{
  "mean": 0.48885105,
  "std": 0.5058420658653227,
  "sharpe": 0.9664104331927065,
  "pnl_sum": 977.7021,
  "n_trades": 993
}