{
  "pnl_sum": 977.7021,
  "pnl_mean": 0.48885105,
  "trades": 993,
  "hit_rate": 0.492,
  "max_dd": 1.0009000000001151
}