{"best_thr": 0.4799999999999999, "best_score": 0.9771955361475012}