{
  "acc": 0.972,
  "f1": 0.9727626459143969,
  "auc": 0.9976747654495971,
  "classes": 2
}